"Response ID","Date submitted","Last page","Start language","Seed","How many different experiments have you carried out (i.e., programmed, ran, analyzed, or a combination of those)?","For how many of these experiments did you run the experiment before piloting, with the sole goal of testing that the experiment behaves properly? (i.e., running the way you expect it to, logging the way you expect it to, etc.)","In the last published experiment you carried out, which of the following aspects did you test? (Feel free to add more in the ""other"" section) [Overall experiment duration]","In the last published experiment you carried out, which of the following aspects did you test? (Feel free to add more in the ""other"" section) [A match between the recorded timing of events and their occurrence on the screen]","In the last published experiment you carried out, which of the following aspects did you test? (Feel free to add more in the ""other"" section) [Content of events (i.e., a match between the content that was presented on the screen and the one that was recorded)]","In the last published experiment you carried out, which of the following aspects did you test? (Feel free to add more in the ""other"" section) [Integration of peripheral devices (e.g., that the connection between a response device and the experiment's software works as expected)]","In the last published experiment you carried out, which of the following aspects did you test? (Feel free to add more in the ""other"" section) [ Fulfillment of the pseudo-randomization scheme (i.e., that the constrains on the order of events are respected)]","In the last published experiment you carried out, which of the following aspects did you test? (Feel free to add more in the ""other"" section) [Other]","Which methods did you use to test the abovementioned parameters? [Manual checks: looking at the experiment while it's running, going through the outputs of the experiment manually to make sure they make sense]","Which methods did you use to test the abovementioned parameters? [Scripted checks: writing scripts to systematically test certain parameters of the experiment behave as expected]","Were the tests you performed on this specific experimental setup based on any existing testing protocol?","Were the tests you performed on this specific experimental setup based on any existing testing protocol? [Other]","If you did test the overall duration of your experiment, how did you go about to test it?","If you did test the overall duration of your experiment, how did you go about to test it? [Other]","If you did test the on-screen vs recorded timing of events, how did you go about to test it?","If you did test the on-screen vs recorded timing of events, how did you go about to test it? [Other]","If you did test on-screen content vs recorded content, how did you go about to test it? [Manually comparing the events presented on the screen against what was recorded in the log file]","If you did test on-screen content vs recorded content, how did you go about to test it? [Comparing the recorded events with the experimental paradigm scheme]","If you did test on-screen content vs recorded content, how did you go about to test it? [I did not test the content of events]","If you did test the pseudo-randomization scheme fulfillment, how did you go about to test it? [Manually checking the log file to see if the constrains are respected]","If you did test the pseudo-randomization scheme fulfillment, how did you go about to test it? [Using scripts automatically investigating the log files to see if the constrains are respected]","If you did test the pseudo-randomization scheme fulfillment, how did you go about to test it? [I did not test the pseudo-randomization of events]","If you did test the pseudo-randomization scheme fulfillment, how did you go about to test it? [Other]","Did you report about the checks you performed and their results?","If you did report the results of the checks in your publication, where were they reported? (e.g., pre-registration, supplementary material, methods...)","If you did not report the checks, why not? [Because I did not think it is relevant]","If you did not report the checks, why not? [Because I did not know where it should be reported]","If you did not report the checks, why not? [Other]","Is the test battery you performed in your last experiment replicable? (i.e., can a researcher who repeats your experiment perform all the checks without approaching you?)","Is the test battery you performed in your last experiment replicable? (i.e., can a researcher who repeats your experiment perform all the checks without approaching you?) [Other]","In your last published experimental study, what were the subjects?","In your last published experiment, what did you record? [Behavior (e.g., report, motor responses)]","In your last published experiment, what did you record? [Gaze and eye-tracking parameters]","In your last published experiment, what did you record? [SCR/temperature/HRV]","In your last published experiment, what did you record? [EEG]","In your last published experiment, what did you record? [fMRI]","In your last published experiment, what did you record? [iEEG]","In your last published experiment, what did you record? [Other]","Have you ever noticed an issue with the data collection procedure after the data was collected, that could have been prevented by performing tests in advance? (e.g., crucial parameters were not logged or were logged incorrectly, triggers were not sent or received, responses were not recorded or recorded incorrectly)","Discipline in neuroscience:","Discipline in neuroscience: [Other]","What is your position?","What is your position? [Other]"
"6","","2","en","1844324999","1","Never (0%)","N/A","N/A","N/A","N/A","N/A","","N/A","N/A","","","","","","","N/A","N/A","N/A","Yes","No","No","","","","No","No","","","","","N/A","N/A","N/A","N/A","N/A","N/A","","","","","",""
"7","1980-01-01 00:00:00","3","en","269003518","12","All (100%)","Yes","Yes","Yes","No","Yes","","Yes","Yes","B: Every experiment had its own protocol of tests","","Using a stopwatch","","Using a recording device (such as a photodiode saving the signal to a file) to compute the duration of all events using a custom script","","Yes","No","No","Yes","No","No","","I didn't report the results of any of the tests I performed","","Yes","No","","No","","Human","Yes","Yes","No","No","No","No","MEG","No","Psychology","","Post doc/senior researcher",""
"8","1980-01-01 00:00:00","3","en","1323555155","4","All (100%)","Yes","Yes","No","Yes","Yes","","Yes","Yes","B: Every experiment had its own protocol of tests","","Using a stopwatch","","Other","","No","Yes","No","Yes","No","No","","I didn't report the results of any of the tests I performed","","Yes","No","","No","","Human","Yes","No","No","No","No","No","","No","Psychology","","Undergraduate/ bachelor/ master's student",""
"9","","2","en","861818331","2","Most (>=50%)","Yes","No","Yes","Yes","Yes","","Yes","Yes","Other","first test, no protocol","Using a stopwatch","","I did not test event timing","","No","Yes","No","No","No","No","Using scripts to determine the distributions of pseudo-randomized stimuli","I didn't report the results of any of the tests I performed","Test was not published","No","No","","No","","","N/A","N/A","N/A","N/A","N/A","N/A","","","","","",""
"10","1980-01-01 00:00:00","3","en","775303679","5","All (100%)","Yes","Yes","Yes","Yes","Yes","","Yes","Yes","B: Every experiment had its own protocol of tests","","Using a stopwatch","","By computing the duration of events from their logged timestamps (in the experiment output files)","","Yes","Yes","No","Yes","No","No","","I reported the results of some of the tests I performed","methods","Yes","Yes","","No","","Human","Yes","No","No","No","No","No","MEG","Yes","Biology","","Graduate student/ PhD student",""
"11","","1","en","219021036","8","All (100%)","N/A","N/A","N/A","N/A","N/A","","N/A","N/A","","","","","","","N/A","N/A","N/A","N/A","N/A","N/A","","","","N/A","N/A","","","","","N/A","N/A","N/A","N/A","N/A","N/A","","","","","",""
"12","1980-01-01 00:00:00","3","en","747418671","8","All (100%)","Yes","No","Yes","Yes","Yes","","Yes","No","B: Every experiment had its own protocol of tests","","By computing the overall duration from the log files","","I did not test event timing","","No","Yes","No","No","Yes","No","","I didn't report the results of any of the tests I performed","","Yes","No","","No","","Human","Yes","No","No","No","No","No","","No","Psychology","","Post doc/senior researcher",""
"13","","1","en","363102686","3","Most (>=50%)","N/A","N/A","N/A","N/A","N/A","","N/A","N/A","","","","","","","N/A","N/A","N/A","N/A","N/A","N/A","","","","N/A","N/A","","","","","N/A","N/A","N/A","N/A","N/A","N/A","","","","","",""
"14","","","en","432325872","","","N/A","N/A","N/A","N/A","N/A","","N/A","N/A","","","","","","","N/A","N/A","N/A","N/A","N/A","N/A","","","","N/A","N/A","","","","","N/A","N/A","N/A","N/A","N/A","N/A","","","","","",""
"15","","","en","750766572","","","N/A","N/A","N/A","N/A","N/A","","N/A","N/A","","","","","","","N/A","N/A","N/A","N/A","N/A","N/A","","","","N/A","N/A","","","","","N/A","N/A","N/A","N/A","N/A","N/A","","","","","",""
"16","1980-01-01 00:00:00","3","en","386091820","20","All (100%)","Yes","Yes","Yes","Yes","Yes","","Yes","Yes","A: I have a protocol of tests all my experiments go through","","Both","","By computing the duration of events from their logged timestamps (in the experiment output files)","","Yes","No","No","No","Yes","No","","I didn't report the results of any of the tests I performed","","No","Yes","","Yes","","Human","Yes","No","No","No","No","No","","No","Psychology","","Post doc/senior researcher",""
"17","","1","en","439127173","7","Most (>=50%)","N/A","N/A","N/A","N/A","N/A","","N/A","N/A","","","","","","","N/A","N/A","N/A","N/A","N/A","N/A","","","","N/A","N/A","","","","","N/A","N/A","N/A","N/A","N/A","N/A","","","","","",""
"18","1980-01-01 00:00:00","3","en","1689011804","5","Most (>=50%)","Yes","Yes","Yes","Yes","Yes","","Yes","No","B: Every experiment had its own protocol of tests","","Both","","By computing the duration of events from their logged timestamps (in the experiment output files)","","Yes","No","No","Yes","No","No","","I didn't report the results of any of the tests I performed","","No","No","not common to include that info in a paper","Yes","","Human","No","No","No","Yes","No","No","","Yes","Psychology","","Graduate student/ PhD student",""
"19","1980-01-01 00:00:00","3","en","1956784864","50","All (100%)","No","Yes","Yes","Yes","No","that all required data and metadata was actually recorded/logged and stored","Yes","No","Other","tests are ad hoc, as makes sense for the given experiment","I did not test the overall duration","","By computing the duration of events from their logged timestamps (in the experiment output files)","","Yes","No","No","No","No","Yes","","I didn't report the results of any of the tests I performed","","Yes","No","I don't see the need to so, any serious scientist should verify that their methods description is true and accurate. Test supply that verification, but why write that up?","No","","Human","Yes","Yes","No","No","No","No","","Yes","Psychology","","Post doc/senior researcher",""
"20","1980-01-01 00:00:00","3","en","250494578","2","All (100%)","Yes","No","Yes","Yes","No","","Yes","No","B: Every experiment had its own protocol of tests","","Using a stopwatch","","I did not test event timing","","Yes","No","No","No","No","Yes","","I didn't report the results of any of the tests I performed","","No","No","i think the audience may not be curious about it","No","","Human","Yes","No","No","Yes","No","No","","Yes","Psychology","","Graduate student/ PhD student",""
"21","1980-01-01 00:00:00","3","en","1357253881","4","Never (0%)","N/A","N/A","N/A","N/A","N/A","","N/A","N/A","","","","","","","N/A","N/A","N/A","No","Yes","No","","","","No","No","","","","Human","Yes","Yes","No","Yes","No","No","","Yes","Psychology","","Graduate student/ PhD student",""
"22","1980-01-01 00:00:00","3","en","1587461228","20","All (100%)","Yes","Yes","Yes","Yes","Yes","Timing between event markers and events","Yes","No","I do a mixture of A and B","","Both","","Using a measuring device (such as an oscilloscope) to compute the duration of a few events manually","","Yes","Yes","No","Yes","No","No","","I reported the results of some of the tests I performed","Methods section","Yes","No","","Yes","","Human","Yes","No","No","Yes","No","No","","Yes","Psychology","","PI/Group leader",""
"23","1980-01-01 00:00:00","3","en","2008625262","25","All (100%)","Yes","No","Yes","Yes","No","","Yes","No","A: I have a protocol of tests all my experiments go through","","Using a stopwatch","","By computing the duration of events from their logged timestamps (in the experiment output files)","","Yes","Yes","No","No","No","Yes","","I didn't report the results of any of the tests I performed","","Yes","No","","No","","Human","Yes","No","No","No","No","No","","No","Psychology","","Graduate student/ PhD student",""
"24","1980-01-01 00:00:00","3","en","1408740854","5","All (100%)","Yes","No","Yes","No","No","","Yes","Yes","I do a mixture of A and B","","Both","","I did not test event timing","","No","Yes","No","No","No","Yes","","I didn't report the results of any of the tests I performed","","Yes","Yes","","No","","Human","Yes","No","No","Yes","No","No","","Yes","Psychology","","Graduate student/ PhD student",""
"25","","2","en","1259209637","999999","All (100%)","No","No","No","No","No","test; please delete","Yes","No","Other","test; please delete","Other","test; please delete","Other","test; please delete","No","No","Yes","No","No","No","test; please delete","I didn't report the results of any of the tests I performed","","No","No","","Other","test; please delete","","N/A","N/A","N/A","N/A","N/A","N/A","","","","","",""
"26","","1","en","1355813147","2","Some (","N/A","N/A","N/A","N/A","N/A","","N/A","N/A","","","","","","","N/A","N/A","N/A","N/A","N/A","N/A","","","","N/A","N/A","","","","","N/A","N/A","N/A","N/A","N/A","N/A","","","","","",""
"27","1980-01-01 00:00:00","3","en","469820153","14","Most (>=50%)","Yes","No","Yes","Yes","No","","Yes","No","B: Every experiment had its own protocol of tests","","Using a stopwatch","","I did not test event timing","","Yes","No","No","No","No","Yes","","I didn't report the results of any of the tests I performed","","Yes","No","","Yes","","Human","Yes","Yes","No","Yes","No","No","","Yes","Psychology","","Post doc/senior researcher",""
"28","1980-01-01 00:00:00","3","en","1173149289","15","All (100%)","Yes","Yes","Yes","Yes","No","","Yes","Yes","I do a mixture of A and B","","Both","","Using a recording device (such as a photodiode saving the signal to a file) to compute the duration of all events using a custom script","","No","Yes","No","No","No","Yes","","I didn't report the results of any of the tests I performed","","No","Yes","","Other","Partially","Human","Yes","No","No","No","No","No","","Yes","Psychology","","Post doc/senior researcher",""
"29","1980-01-01 00:00:00","3","en","393462229","5","Some (","No","Yes","No","Yes","No","","Yes","Yes","I do a mixture of A and B","","I did not test the overall duration","","By computing the duration of events from their logged timestamps (in the experiment output files)","","No","No","Yes","No","No","Yes","","I didn't report the results of any of the tests I performed","","Yes","Yes","","Yes","","Human","No","No","No","Yes","No","No","","No","Psychiatry","","Graduate student/ PhD student",""
"30","","","en","1396123491","","","N/A","N/A","N/A","N/A","N/A","","N/A","N/A","","","","","","","N/A","N/A","N/A","N/A","N/A","N/A","","","","N/A","N/A","","","","","N/A","N/A","N/A","N/A","N/A","N/A","","","","","",""
"31","1980-01-01 00:00:00","3","en","1124363771","10","All (100%)","Yes","No","Yes","No","Yes","","Yes","Yes","B: Every experiment had its own protocol of tests","","Using a stopwatch","","I did not test event timing","","Yes","No","No","Yes","No","No","","I didn't report the results of any of the tests I performed","","Yes","No","","No","","Human","Yes","No","No","No","No","No","","Yes","Psychology","","Post doc/senior researcher",""
"32","1980-01-01 00:00:00","3","en","52200888","4","All (100%)","Yes","No","Yes","Yes","No","","Yes","No","B: Every experiment had its own protocol of tests","","By computing the overall duration from the log files","","Using a recording device (such as a photodiode saving the signal to a file) to compute the duration of all events using a custom script","","Yes","No","No","No","No","Yes","","I didn't report the results of any of the tests I performed","","No","Yes","","Yes","","Human","Yes","No","No","No","No","Yes","","Yes","Other","Neurology","Research assistant",""
"33","1980-01-01 00:00:00","3","en","1518420795","60","All (100%)","Yes","Yes","Yes","Yes","Yes","","Yes","No","A: I have a protocol of tests all my experiments go through","","Using a stopwatch","","Using a recording device (such as a photodiode saving the signal to a file) to compute the duration of all events using a custom script","","Yes","No","No","Yes","No","No","","I didn't report the results of any of the tests I performed","","No","No","manuscript word limits make us focus on the study results; pre-experimental checks are expected and assumed to be done","Yes","","Human","Yes","No","No","Yes","No","No","ERP","No","Psychology","","PI/Group leader",""
"34","1980-01-01 00:00:00","3","en","929811394","5","All (100%)","Yes","Yes","Yes","Yes","Yes","measure diff between triggers and time stim appears on screen","Yes","Yes","B: Every experiment had its own protocol of tests","","Using a stopwatch","","Using a measuring device (such as an oscilloscope) to compute the duration of a few events manually","","Yes","No","No","Yes","No","No","","I reported the results of some of the tests I performed","Methods","No","No","","Yes","","Human","No","No","No","Yes","No","No","","No","Psychology","","Post doc/senior researcher",""
"35","1980-01-01 00:00:00","3","en","255611917","15","All (100%)","No","Yes","Yes","Yes","Yes","Low-level logging per-frame thanks to PTBs precise display control","Yes","No","A: I have a protocol of tests all my experiments go through","","I did not test the overall duration","","Using a recording device (such as a photodiode saving the signal to a file) to compute the duration of all events using a custom script","","Yes","No","No","No","Yes","No","","I didn't report the results of any of the tests I performed","","No","No","Because I assume this is a minimum requirement to publish, and do ask such questions if I review others papers","No","","Both","Yes","Yes","No","No","No","No","single unit electrophysiology","No","Biology","","PI/Group leader",""
"37","1980-01-01 00:00:00","3","en","127772746","3","All (100%)","Yes","Yes","Yes","Yes","Yes","","Yes","Yes","A: I have a protocol of tests all my experiments go through","","Both","","Using a recording device (such as a photodiode saving the signal to a file) to compute the duration of all events using a custom script","","Yes","No","No","Yes","No","No","","I didn't report the results of any of the tests I performed","","No","No","Not published yet","No","","Human","Yes","No","No","Yes","No","No","","Yes","Psychology","","Undergraduate/ bachelor/ master's student",""
"38","1980-01-01 00:00:00","3","en","765179392","30","Most (>=50%)","Yes","Yes","Yes","Yes","Yes","","Yes","Yes","I do a mixture of A and B","","Using a stopwatch","","Using a measuring device (such as an oscilloscope) to compute the duration of a few events manually","","Yes","Yes","No","Yes","No","No","","I didn't report the results of any of the tests I performed","","Yes","No","","No","","Human","Yes","No","No","No","No","No","","Yes","Psychology","","PI/Group leader",""
"39","1980-01-01 00:00:00","3","en","830706735","10","All (100%)","Yes","No","Yes","No","Yes","","Yes","Yes","B: Every experiment had its own protocol of tests","","Other","As recorded by the server","I did not test event timing","","Yes","No","No","Yes","No","No","","I didn't report the results of any of the tests I performed","","Yes","No","","No","","Human","Yes","No","No","No","No","No","","Yes","Psychology","","Post doc/senior researcher",""
"40","1980-01-01 00:00:00","3","en","193363918","4","All (100%)","Yes","Yes","Yes","No","No","","Yes","Yes","B: Every experiment had its own protocol of tests","","Both","","Using a recording device (such as a photodiode saving the signal to a file) to compute the duration of all events using a custom script","","Yes","No","No","No","No","Yes","","I didn't report the results of any of the tests I performed","","No","No","Have not been working on manuscript yet.","No","","Human","Yes","No","No","No","No","Yes","","No","Psychology","","Graduate student/ PhD student",""
"41","1980-01-01 00:00:00","3","en","1544537244","12","All (100%)","Yes","Yes","Yes","No","Yes","","Yes","No","A: I have a protocol of tests all my experiments go through","","By computing the overall duration from the log files","","By computing the duration of events from their logged timestamps (in the experiment output files)","","Yes","Yes","No","Yes","No","No","","I didn't report the results of any of the tests I performed","","Yes","Yes","","Yes","","Human","Yes","Yes","No","No","No","No","","Yes","Psychology","","Graduate student/ PhD student",""
"42","1980-01-01 00:00:00","3","en","225144510","14","All (100%)","No","No","Yes","Yes","Yes","","Yes","Yes","B: Every experiment had its own protocol of tests","","I did not test the overall duration","","I did not test event timing","","No","Yes","No","Yes","No","No","I use the same pseudo-randomization script for all my experiments, I tested it a lot when I started but not recently","I reported the results of some of the tests I performed","In a previous methodological paper","No","No","","Yes","","Human","Yes","No","No","No","No","No","","Yes","Psychology","","Post doc/senior researcher",""
"43","1980-01-01 00:00:00","3","en","1424053076","10","All (100%)","Yes","Yes","Yes","Yes","Yes","","Yes","Yes","I do a mixture of A and B","","Using a stopwatch","","Other","I did A and D and compared the two","Yes","Yes","No","Yes","No","No","","I didn't report the results of any of the tests I performed","","No","Yes","","No","","Human","Yes","Yes","No","No","No","No","","No","Psychology","","Post doc/senior researcher",""
"44","","","en","546033793","","","N/A","N/A","N/A","N/A","N/A","","N/A","N/A","","","","","","","N/A","N/A","N/A","N/A","N/A","N/A","","","","N/A","N/A","","","","","N/A","N/A","N/A","N/A","N/A","N/A","","","","","",""
"45","","1","en","906228760","5","All (100%)","N/A","N/A","N/A","N/A","N/A","","N/A","N/A","","","","","","","N/A","N/A","N/A","N/A","N/A","N/A","","","","N/A","N/A","","","","","N/A","N/A","N/A","N/A","N/A","N/A","","","","","",""
"46","","","en","186235713","","","N/A","N/A","N/A","N/A","N/A","","N/A","N/A","","","","","","","N/A","N/A","N/A","N/A","N/A","N/A","","","","N/A","N/A","","","","","N/A","N/A","N/A","N/A","N/A","N/A","","","","","",""
"47","1980-01-01 00:00:00","3","en","1280664467","8","All (100%)","Yes","No","Yes","Yes","Yes","","Yes","No","I do a mixture of A and B","","Both","","I did not test event timing","","Yes","No","No","Yes","Yes","No","","I didn't report the results of any of the tests I performed","","Yes","No","","No","","Human","Yes","Yes","No","No","Yes","No","","No","Other","Cog. Neuro","Post doc/senior researcher",""
"48","1980-01-01 00:00:00","3","en","946896026","4","Most (>=50%)","Yes","No","Yes","Yes","Yes","","Yes","No","B: Every experiment had its own protocol of tests","","By computing the overall duration from the log files","","I did not test event timing","","No","Yes","No","Yes","No","No","","I didn't report the results of any of the tests I performed","","Yes","Yes","","Yes","","Human","Yes","No","No","No","No","No","","Yes","Psychology","","Post doc/senior researcher",""
"49","1980-01-01 00:00:00","3","en","1296526253","6","All (100%)","No","Yes","Yes","Yes","Yes","","Yes","Yes","I do a mixture of A and B","","Using a stopwatch","","By computing the duration of events from their logged timestamps (in the experiment output files)","","No","Yes","No","No","Yes","No","","I didn't report the results of any of the tests I performed","","No","Yes","","Other","no  happen yet","Human","Yes","Yes","No","No","No","No","MEG","Yes","Psychology","","Post doc/senior researcher",""
"50","","","en","1612272981","","","N/A","N/A","N/A","N/A","N/A","","N/A","N/A","","","","","","","N/A","N/A","N/A","N/A","N/A","N/A","","","","N/A","N/A","","","","","N/A","N/A","N/A","N/A","N/A","N/A","","","","","",""
"51","1980-01-01 00:00:00","3","en","1862538941","100","Most (>=50%)","Yes","Yes","Yes","Yes","Yes","","Yes","Yes","B: Every experiment had its own protocol of tests","","By computing the overall duration from the log files","","Using a recording device (such as a photodiode saving the signal to a file) to compute the duration of all events using a custom script","","No","Yes","No","Yes","No","No","","I didn't report the results of any of the tests I performed","","Yes","No","","Yes","","Human","Yes","No","No","Yes","No","No","MEG","Yes","Other","Neuroimaging","Other","Lab Manager"
"52","","1","en","1976115131","20","All (100%)","N/A","N/A","N/A","N/A","N/A","","N/A","N/A","","","","","","","N/A","N/A","N/A","N/A","N/A","N/A","","","","N/A","N/A","","","","","N/A","N/A","N/A","N/A","N/A","N/A","","","","","",""
"53","","","en","1963115903","","","N/A","N/A","N/A","N/A","N/A","","N/A","N/A","","","","","","","N/A","N/A","N/A","N/A","N/A","N/A","","","","N/A","N/A","","","","","N/A","N/A","N/A","N/A","N/A","N/A","","","","","",""
"54","","1","en","1963115903","6","All (100%)","N/A","N/A","N/A","N/A","N/A","","N/A","N/A","","","","","","","N/A","N/A","N/A","N/A","N/A","N/A","","","","N/A","N/A","","","","","N/A","N/A","N/A","N/A","N/A","N/A","","","","","",""
"55","","1","en","2080609785","1","All (100%)","N/A","N/A","N/A","N/A","N/A","","N/A","N/A","","","","","","","N/A","N/A","N/A","N/A","N/A","N/A","","","","N/A","N/A","","","","","N/A","N/A","N/A","N/A","N/A","N/A","","","","","",""
"56","1980-01-01 00:00:00","3","en","152911335","4","All (100%)","Yes","Yes","Yes","No","Yes","","Yes","Yes","B: Every experiment had its own protocol of tests","","Using a stopwatch","","By computing the duration of events from their logged timestamps (in the experiment output files)","","Yes","Yes","No","No","Yes","No","","I didn't report the results of any of the tests I performed","","Yes","No","","No","","Human","Yes","No","No","No","No","No","","Yes","Psychology","","Graduate student/ PhD student",""
"57","1980-01-01 00:00:00","3","en","982010109","40","Most (>=50%)","Yes","Yes","Yes","Yes","Yes","fatigue, visibility, ecologic relevance, gender bias","Yes","Yes","Other","also coworker dependent","Other","Most of the time the computer controls and documents the time","Other","CED 1400 device coupled to photodiode plus resonse devices plus MR trigger pulse","No","Yes","No","No","Yes","No","","I didn't report the results of any of the tests I performed","This is good practice, only deviations from the sound experimental procedure should be reported","No","No","You should expect scientific conduct","Other","if they have the scientific knowledge, they should","Human","Yes","No","Yes","No","Yes","No","","Yes","Other","Biophysics","Post doc/senior researcher",""
"58","","","en","1775723536","","","N/A","N/A","N/A","N/A","N/A","","N/A","N/A","","","","","","","N/A","N/A","N/A","N/A","N/A","N/A","","","","N/A","N/A","","","","","N/A","N/A","N/A","N/A","N/A","N/A","","","","","",""
"59","1980-01-01 00:00:00","3","en","698582939","3","All (100%)","Yes","No","Yes","Yes","Yes","","Yes","No","Other","I do not follow a protocol","Both","","I did not test event timing","","Yes","No","No","Yes","No","No","","I didn't report the results of any of the tests I performed","","Yes","Yes","","No","","Human","Yes","Yes","No","No","No","No","","No","Psychology","","Graduate student/ PhD student",""
"60","1980-01-01 00:00:00","3","en","384852766","3","All (100%)","Yes","Yes","Yes","Yes","Yes","","Yes","No","A: I have a protocol of tests all my experiments go through","","By computing the overall duration from the log files","","By computing the duration of events from their logged timestamps (in the experiment output files)","","No","Yes","No","Yes","No","No","","I reported the results of some of the tests I performed","Pre-registration","No","No","","Yes","","Human","Yes","Yes","No","No","No","No","","No","Psychology","","Graduate student/ PhD student",""
"61","","1","en","1664062204","3","All (100%)","N/A","N/A","N/A","N/A","N/A","","N/A","N/A","","","","","","","N/A","N/A","N/A","N/A","N/A","N/A","","","","N/A","N/A","","","","","N/A","N/A","N/A","N/A","N/A","N/A","","","","","",""
"62","","1","en","2008987351","5","Most (>=50%)","N/A","N/A","N/A","N/A","N/A","","N/A","N/A","","","","","","","N/A","N/A","N/A","N/A","N/A","N/A","","","","N/A","N/A","","","","","N/A","N/A","N/A","N/A","N/A","N/A","","","","","",""
"63","1980-01-01 00:00:00","3","en","1944263274","3","Some (","Yes","No","Yes","Yes","No","Does the experiment induce the expecter/reasonable activations, how easy is the instructrion to undersant","Yes","No","B: Every experiment had its own protocol of tests","","Using a stopwatch","","I did not test event timing","","Yes","Yes","No","No","No","Yes","","I didn't report the results of any of the tests I performed","","Yes","No","","No","","Human","Yes","No","No","No","Yes","No","","Yes","Psychology","","Graduate student/ PhD student",""
"64","1980-01-01 00:00:00","3","en","1174652769","5","Most (>=50%)","Yes","Yes","Yes","Yes","Yes","","Yes","Yes","B: Every experiment had its own protocol of tests","","Both","","By computing the duration of events from their logged timestamps (in the experiment output files)","","Yes","Yes","No","No","Yes","No","","I didn't report the results of any of the tests I performed","","No","Yes","","Yes","","Human","Yes","No","No","No","Yes","No","","No","Psychology","","Post doc/senior researcher",""
"65","","1","en","532775285","3","All (100%)","N/A","N/A","N/A","N/A","N/A","","N/A","N/A","","","","","","","N/A","N/A","N/A","N/A","N/A","N/A","","","","N/A","N/A","","","","","N/A","N/A","N/A","N/A","N/A","N/A","","","","","",""
"66","1980-01-01 00:00:00","3","en","994820404","4","All (100%)","Yes","No","Yes","No","Yes","","Yes","No","B: Every experiment had its own protocol of tests","","Using a stopwatch","","I did not test event timing","","Yes","No","No","Yes","No","No","","I didn't report the results of any of the tests I performed","","Yes","No","I didn't see/notice suxh reporting in previous publications which I read.","Yes","","Human","Yes","No","No","No","No","No","","No","Psychology","","Graduate student/ PhD student",""
"67","","","en","2011062221","","","N/A","N/A","N/A","N/A","N/A","","N/A","N/A","","","","","","","N/A","N/A","N/A","N/A","N/A","N/A","","","","N/A","N/A","","","","","N/A","N/A","N/A","N/A","N/A","N/A","","","","","",""
"68","1980-01-01 00:00:00","3","en","264716365","2","All (100%)","Yes","Yes","Yes","Yes","Yes","","Yes","Yes","B: Every experiment had its own protocol of tests","","By computing the overall duration from the log files","","By computing the duration of events from their logged timestamps (in the experiment output files)","","No","Yes","No","Yes","Yes","No","","I didn't report the results of any of the tests I performed","","Yes","No","","Yes","","Human","Yes","No","No","No","Yes","No","","Yes","Psychology","","Graduate student/ PhD student",""
"69","1980-01-01 00:00:00","3","en","1437863874","10","All (100%)","Yes","Yes","Yes","Yes","Yes","","Yes","Yes","A: I have a protocol of tests all my experiments go through","","Both","","Using a measuring device (such as an oscilloscope) to compute the duration of a few events manually","","Yes","Yes","No","Yes","No","No","","I didn't report the results of any of the tests I performed","","Yes","Yes","I think it is very clear for experiments that one must know what is happening. That is, should an experimental psychologist report that he/she is able to make experiments? (On the other hand, I do know of very strange/unbelievable experimental setups out there).","Yes","","Human","Yes","No","No","No","Yes","No","physio parameters (heart rate, respiration)","Yes","Psychology","","Post doc/senior researcher",""
"71","1980-01-01 00:00:00","3","en","459585059","3","Most (>=50%)","Yes","No","Yes","Yes","Yes","","Yes","No","B: Every experiment had its own protocol of tests","","By computing the overall duration from the log files","","By computing the duration of events from their logged timestamps (in the experiment output files)","","Yes","No","No","Yes","No","No","","I didn't report the results of any of the tests I performed","","Yes","No","","No","","Non-human","No","Yes","No","No","Yes","No","","Yes","Biology","","Graduate student/ PhD student",""
"73","","1","en","573645686","3","Some (","N/A","N/A","N/A","N/A","N/A","","N/A","N/A","","","","","","","N/A","N/A","N/A","N/A","N/A","N/A","","","","N/A","N/A","","","","","N/A","N/A","N/A","N/A","N/A","N/A","","","","","",""
"74","","1","en","1179370336","30","All (100%)","N/A","N/A","N/A","N/A","N/A","","N/A","N/A","","","","","","","N/A","N/A","N/A","N/A","N/A","N/A","","","","N/A","N/A","","","","","N/A","N/A","N/A","N/A","N/A","N/A","","","","","",""
"75","1980-01-01 00:00:00","3","en","976685092","40","All (100%)","Yes","Yes","Yes","Yes","Yes","","Yes","Yes","I do a mixture of A and B","","Both","","By computing the duration of events from their logged timestamps (in the experiment output files)","","Yes","Yes","No","Yes","No","No","","I didn't report the results of any of the tests I performed","","No","Yes","","Yes","","Human","Yes","Yes","No","No","Yes","No","","Yes","Other","cognition","Post doc/senior researcher",""
"77","1980-01-01 00:00:00","3","en","679426634","20","All (100%)","Yes","Yes","Yes","Yes","Yes","","Yes","Yes","B: Every experiment had its own protocol of tests","","By computing the overall duration from the log files","","By computing the duration of events from their logged timestamps (in the experiment output files)","","No","Yes","No","No","Yes","No","","I reported the results of some of the tests I performed","","Yes","No","","Yes","","Human","Yes","No","No","No","Yes","No","","Yes","Psychiatry","","PI/Group leader",""
"78","","1","en","1457904710","2","Some (","N/A","N/A","N/A","N/A","N/A","","N/A","N/A","","","","","","","N/A","N/A","N/A","N/A","N/A","N/A","","","","N/A","N/A","","","","","N/A","N/A","N/A","N/A","N/A","N/A","","","","","",""
"79","1980-01-01 00:00:00","3","en","1073507590","6","All (100%)","Yes","No","Yes","No","Yes","","Yes","No","B: Every experiment had its own protocol of tests","","Using a stopwatch","","I did not test event timing","","Yes","Yes","No","Yes","No","No","","I didn't report the results of any of the tests I performed","","Yes","No","","No","","Human","Yes","No","No","No","No","No","","Yes","Psychology","","Graduate student/ PhD student",""
"80","1980-01-01 00:00:00","3","en","1765821588","30","All (100%)","Yes","Yes","Yes","Yes","Yes","","Yes","Yes","B: Every experiment had its own protocol of tests","","Using a stopwatch","","Using a recording device (such as a photodiode saving the signal to a file) to compute the duration of all of the events manually","","Yes","No","No","Yes","No","No","","I didn't report the results of any of the tests I performed","","No","No","I reported that the timings were checked, but not the specific results. Other tests are sanity checks that are not worth to be mentioned. ","Other","I hope so","Human","Yes","No","No","Yes","No","No","","No","Psychology","","Post doc/senior researcher",""
"81","1980-01-01 00:00:00","3","en","1934360879","8","All (100%)","Yes","Yes","Yes","Yes","No","","Yes","Yes","I do a mixture of A and B","","By computing the overall duration from the log files","","Using a measuring device (such as an oscilloscope) to compute the duration of a few events manually","","Yes","Yes","No","Yes","No","No",".. but i missed a minor error :)","I didn't report the results of any of the tests I performed","","No","No","i try to be very transparent in my reporting, but i didnt even think of reporting these tests.. thanks for this idea!.","No","","Human","Yes","Yes","No","Yes","No","No","","No","Psychology","","Graduate student/ PhD student",""
"82","","","en","301444124","","","N/A","N/A","N/A","N/A","N/A","","N/A","N/A","","","","","","","N/A","N/A","N/A","N/A","N/A","N/A","","","","N/A","N/A","","","","","N/A","N/A","N/A","N/A","N/A","N/A","","","","","",""
"83","","1","en","457704940","5","All (100%)","N/A","N/A","N/A","N/A","N/A","","N/A","N/A","","","","","","","N/A","N/A","N/A","N/A","N/A","N/A","","","","N/A","N/A","","","","","N/A","N/A","N/A","N/A","N/A","N/A","","","","","",""
"84","1980-01-01 00:00:00","3","en","798173721","15","All (100%)","Yes","No","No","No","No","logfile","Yes","No","B: Every experiment had its own protocol of tests","","By computing the overall duration from the log files","","I did not test event timing","","No","No","Yes","No","No","Yes","","I didn't report the results of any of the tests I performed","","Yes","No","","No","","Human","Yes","No","No","Yes","No","No","","No","Psychology","","Post doc/senior researcher",""
"85","","","en","909173462","","","N/A","N/A","N/A","N/A","N/A","","N/A","N/A","","","","","","","N/A","N/A","N/A","N/A","N/A","N/A","","","","N/A","N/A","","","","","N/A","N/A","N/A","N/A","N/A","N/A","","","","","",""
"86","","","en","1261614126","","","N/A","N/A","N/A","N/A","N/A","","N/A","N/A","","","","","","","N/A","N/A","N/A","N/A","N/A","N/A","","","","N/A","N/A","","","","","N/A","N/A","N/A","N/A","N/A","N/A","","","","","",""
"87","1980-01-01 00:00:00","3","en","1534996512","2","All (100%)","No","Yes","Yes","No","Yes","physical size of visual stimuli ","Yes","Yes","I do a mixture of A and B","","I did not test the overall duration","","Using a recording device (such as a photodiode saving the signal to a file) to compute the duration of all events using a custom script","","Yes","No","No","No","Yes","No","","I didn't report the results of any of the tests I performed","","Yes","Yes","","Yes","","Human","Yes","Yes","No","No","No","No","","No","Psychology","","Post doc/senior researcher",""
"88","1980-01-01 00:00:00","3","en","415804352","4","Most (>=50%)","Yes","Yes","Yes","No","No","","Yes","Yes","B: Every experiment had its own protocol of tests","","Using a stopwatch","","Using a measuring device (such as an oscilloscope) to compute the duration of a few events manually","","No","Yes","No","No","No","Yes","","I didn't report the results of any of the tests I performed","","Yes","No","","Yes","","Human","Yes","No","No","Yes","No","Yes","","Yes","Psychology","","Graduate student/ PhD student",""
"89","","1","en","796523959","5","All (100%)","N/A","N/A","N/A","N/A","N/A","","N/A","N/A","","","","","","","N/A","N/A","N/A","N/A","N/A","N/A","","","","N/A","N/A","","","","","N/A","N/A","N/A","N/A","N/A","N/A","","","","","",""
"90","1980-01-01 00:00:00","3","en","1587947919","40","All (100%)","Yes","Yes","Yes","Yes","Yes","","Yes","Yes","I do a mixture of A and B","","Using a stopwatch","","Other","I occasionally do option 4 when necessary (e.g. when exp runs in less stable environment such as laptop)","Yes","Yes","No","No","Yes","No","","I didn't report the results of any of the tests I performed","","No","No","Because I never run a study before all checks are 1005, so seemed like stating the obvious","Yes","","Human","Yes","No","No","No","No","No","","No","Psychology","","PI/Group leader",""
"91","1980-01-01 00:00:00","3","en","1926394409","50","All (100%)","Yes","No","No","No","Yes","","Yes","No","Other","question is too general","By computing the overall duration from the log files","","I did not test event timing","","Yes","No","No","Yes","No","No","","I didn't report the results of any of the tests I performed","","Yes","No","","No","","Human","Yes","No","No","No","Yes","No","","Yes","Psychology","","PI/Group leader",""
"92","","1","en","38309876","14","All (100%)","N/A","N/A","N/A","N/A","N/A","","N/A","N/A","","","","","","","N/A","N/A","N/A","N/A","N/A","N/A","","","","N/A","N/A","","","","","N/A","N/A","N/A","N/A","N/A","N/A","","","","","",""
"93","","","en","296940947","","","N/A","N/A","N/A","N/A","N/A","","N/A","N/A","","","","","","","N/A","N/A","N/A","N/A","N/A","N/A","","","","N/A","N/A","","","","","N/A","N/A","N/A","N/A","N/A","N/A","","","","","",""
"94","","","en","594504284","","","N/A","N/A","N/A","N/A","N/A","","N/A","N/A","","","","","","","N/A","N/A","N/A","N/A","N/A","N/A","","","","N/A","N/A","","","","","N/A","N/A","N/A","N/A","N/A","N/A","","","","","",""
"95","","1","en","1837929136","20","Most (>=50%)","N/A","N/A","N/A","N/A","N/A","","N/A","N/A","","","","","","","N/A","N/A","N/A","N/A","N/A","N/A","","","","N/A","N/A","","","","","N/A","N/A","N/A","N/A","N/A","N/A","","","","","",""
"96","1980-01-01 00:00:00","3","en","420005937","1","Never (0%)","N/A","N/A","N/A","N/A","N/A","","N/A","N/A","","","","","","","N/A","N/A","N/A","No","No","Yes","","","","No","Yes","","","","Human","No","No","No","No","Yes","No","","Yes","Psychology","","Graduate student/ PhD student",""
"97","1980-01-01 00:00:00","3","en","1097242099","50","All (100%)","Yes","Yes","Yes","Yes","Yes","","Yes","Yes","I do a mixture of A and B","","Other","Stopwatch, logfiles from stimulus  computer and tracking trigger signal from scanner","By computing the duration of events from their logged timestamps (in the experiment output files)","","Yes","Yes","No","Yes","Yes","No","","I didn't report the results of any of the tests I performed","","No","No","PI/primary authors felt they were irrelevant","No","","Human","Yes","No","Yes","No","Yes","No","","Yes","Psychiatry","","Other","Collaborating Faculty"
"98","1980-01-01 00:00:00","3","en","1934091306","35","Never (0%)","N/A","N/A","N/A","N/A","N/A","","N/A","N/A","","","","","","","N/A","N/A","N/A","Yes","Yes","No","","","No","Yes","No","","","","Human","Yes","Yes","No","No","Yes","No","","Yes","Psychology","","PI/Group leader",""
"99","1980-01-01 00:00:00","3","en","350215229","4","All (100%)","Yes","No","Yes","Yes","Yes","","Yes","Yes","B: Every experiment had its own protocol of tests","","Both","","I did not test event timing","","No","Yes","No","No","Yes","No","","I didn't report the results of any of the tests I performed","","Yes","No","","Yes","","Human","Yes","No","No","No","Yes","No","","Yes","Other","Cognitive","Graduate student/ PhD student",""
"100","","","en","665651244","","","N/A","N/A","N/A","N/A","N/A","","N/A","N/A","","","","","","","N/A","N/A","N/A","N/A","N/A","N/A","","","","N/A","N/A","","","","","N/A","N/A","N/A","N/A","N/A","N/A","","","","","",""
"101","1980-01-01 00:00:00","3","en","218026544","9","All (100%)","Yes","Yes","Yes","Yes","Yes","that the output makes sense and all desired variables are recorded","Yes","No","B: Every experiment had its own protocol of tests","","Both","","By computing the duration of events from their logged timestamps (in the experiment output files)","","Yes","Yes","No","Yes","No","No","using Excel formulas to check the constrains are respected","I didn't report the results of any of the tests I performed","","Yes","No","because these are too many unimportant details, according to my point of view. I assume everyone does it, or else their experiment doesn't work.","Yes","","Human","Yes","No","No","Yes","No","No","","No","Psychology","","Graduate student/ PhD student",""
"102","1980-01-01 00:00:00","3","en","769402649","100","All (100%)","Yes","Yes","No","Yes","Yes","counterbalancing acorss participants","Yes","Yes","B: Every experiment had its own protocol of tests","","By computing the overall duration from the log files","","By computing the duration of events from their logged timestamps (in the experiment output files)","","Yes","Yes","No","Yes","Yes","No","","I didn't report the results of any of the tests I performed","","Yes","No","","No","","Human","Yes","No","No","No","No","No","","Yes","Psychology","","Post doc/senior researcher",""
"103","","","en","1454196340","","","N/A","N/A","N/A","N/A","N/A","","N/A","N/A","","","","","","","N/A","N/A","N/A","N/A","N/A","N/A","","","","N/A","N/A","","","","","N/A","N/A","N/A","N/A","N/A","N/A","","","","","",""
"104","1980-01-01 00:00:00","3","en","632809777","3","All (100%)","Yes","Yes","Yes","Yes","No","","Yes","No","B: Every experiment had its own protocol of tests","","Both","","By computing the duration of events from their logged timestamps (in the experiment output files)","","Yes","No","No","No","No","Yes","","I didn't report the results of any of the tests I performed","","Yes","No","","Yes","","Human","No","No","No","No","No","No","ECOG","No","Other","bioengineer","Research assistant",""
"105","","1","en","655694711","30","Most (>=50%)","N/A","N/A","N/A","N/A","N/A","","N/A","N/A","","","","","","","N/A","N/A","N/A","N/A","N/A","N/A","","","","N/A","N/A","","","","","N/A","N/A","N/A","N/A","N/A","N/A","","","","","",""
"106","1980-01-01 00:00:00","3","en","1845981633","30","All (100%)","Yes","Yes","Yes","Yes","Yes","","Yes","Yes","B: Every experiment had its own protocol of tests","","Both","","By computing the duration of events from their logged timestamps (in the experiment output files)","","Yes","No","No","No","Yes","No","","I didn't report the results of any of the tests I performed","","Yes","No","","No","","Human","Yes","No","No","No","Yes","No","","Yes","Psychology","","PI/Group leader",""
"107","1980-01-01 00:00:00","3","en","143049197","10","All (100%)","Yes","Yes","Yes","Yes","Yes","trigger timing","Yes","Yes","B: Every experiment had its own protocol of tests","","Using a stopwatch","","Other","audio trigger","No","Yes","No","No","Yes","No","","I didn't report the results of any of the tests I performed","","No","No","thought thats understood, also I did not write out formalize the procedures","No","","Human","No","No","No","No","No","No","MEG","Yes","Psychology","","Post doc/senior researcher",""
"108","1980-01-01 00:00:00","3","en","344651268","7","Some (","No","Yes","Yes","Yes","Yes","","Yes","No","B: Every experiment had its own protocol of tests","","I did not test the overall duration","","Using a recording device (such as a photodiode saving the signal to a file) to compute the duration of all events using a custom script","","Yes","No","No","Yes","No","No","","I didn't report the results of any of the tests I performed","","Yes","No","","Yes","","Human","No","No","No","No","No","No","MEG","No","Psychology","","Graduate student/ PhD student",""
"109","1980-01-01 00:00:00","3","en","1806973506","3","All (100%)","Yes","Yes","Yes","Yes","Yes","","Yes","No","B: Every experiment had its own protocol of tests","","Both","","By computing the duration of events from their logged timestamps (in the experiment output files)","","Yes","No","No","Yes","No","No","","I didn't report the results of any of the tests I performed","","Yes","Yes","","Yes","","Aliens","Yes","No","No","Yes","No","No","","Yes","Psychology","","Graduate student/ PhD student",""
"110","","","en","373830649","","","N/A","N/A","N/A","N/A","N/A","","N/A","N/A","","","","","","","N/A","N/A","N/A","N/A","N/A","N/A","","","","N/A","N/A","","","","","N/A","N/A","N/A","N/A","N/A","N/A","","","","","",""
"111","1980-01-01 00:00:00","3","en","1954134437","5","Never (0%)","N/A","N/A","N/A","N/A","N/A","","N/A","N/A","","","","","","","N/A","N/A","N/A","Yes","No","No","","","not reported","Yes","No","","","","Human","No","No","No","Yes","No","No","","Yes","Psychology","","Graduate student/ PhD student",""
"112","1980-01-01 00:00:00","3","en","86210477","4","Most (>=50%)","Yes","No","No","Yes","No","quality and synchronization of recorded signals. Optimal recording parameters (such as lighting)","Yes","Yes","B: Every experiment had its own protocol of tests","","Other","Approximate (ie minutes on the clock)","Using a recording device (such as a photodiode saving the signal to a file) to compute the duration of all events using a custom script","","Yes","No","No","No","No","Yes","","I didn't report the results of any of the tests I performed","","Yes","No","","Yes","","Human","Yes","Yes","No","No","No","No","MEG, force sensors","Yes","Other","neuroimaging","Post doc/senior researcher",""
"114","","1","en","1313108801","40","All (100%)","N/A","N/A","N/A","N/A","N/A","","N/A","N/A","","","","","","","N/A","N/A","N/A","N/A","N/A","N/A","","","","N/A","N/A","","","","","N/A","N/A","N/A","N/A","N/A","N/A","","","","","",""
"115","1980-01-01 00:00:00","3","en","147345134","25","All (100%)","Yes","Yes","Yes","No","Yes","","Yes","No","I do a mixture of A and B","","Both","","By computing the duration of events from their logged timestamps (in the experiment output files)","","Yes","No","No","Yes","No","No","","I reported the results of some of the tests I performed","Methods usually, otherwise in the supplementary material as detailed description of the paradigm","No","No","","Yes","","Human","Yes","No","Yes","No","No","No","","Yes","Psychology","","Post doc/senior researcher",""
"116","1980-01-01 00:00:00","3","en","1766061988","3","All (100%)","Yes","No","Yes","No","Yes","","Yes","No","B: Every experiment had its own protocol of tests","","By computing the overall duration from the log files","","By computing the duration of events from their logged timestamps (in the experiment output files)","","Yes","No","No","Yes","No","No","","I didn't report the results of any of the tests I performed","","Yes","No","","Yes","","Human","No","No","No","No","Yes","No","","Yes","Psychiatry","","Graduate student/ PhD student",""
"117","","","en","13365811","","","N/A","N/A","N/A","N/A","N/A","","N/A","N/A","","","","","","","N/A","N/A","N/A","N/A","N/A","N/A","","","","N/A","N/A","","","","","N/A","N/A","N/A","N/A","N/A","N/A","","","","","",""
"118","","","en","1993048634","","","N/A","N/A","N/A","N/A","N/A","","N/A","N/A","","","","","","","N/A","N/A","N/A","N/A","N/A","N/A","","","","N/A","N/A","","","","","N/A","N/A","N/A","N/A","N/A","N/A","","","","","",""
"119","","","en","497309045","","","N/A","N/A","N/A","N/A","N/A","","N/A","N/A","","","","","","","N/A","N/A","N/A","N/A","N/A","N/A","","","","N/A","N/A","","","","","N/A","N/A","N/A","N/A","N/A","N/A","","","","","",""
"120","1980-01-01 00:00:00","3","en","609938421","3","All (100%)","No","No","Yes","Yes","No","","Yes","No","Other","Rarely protocol, mostly trial and error and lots of Googling","I did not test the overall duration","","I did not test event timing","","Yes","No","No","No","No","Yes","","I reported the results of some of the tests I performed","In my lab book and PTB forums","Yes","No","","No","","Human","Yes","No","No","No","No","No","","No","Other","Vision Science","Graduate student/ PhD student",""
"121","1980-01-01 00:00:00","3","en","105537533","100","Most (>=50%)","Yes","No","No","No","No","","Yes","No","I do a mixture of A and B","","Both","","By computing the duration of events from their logged timestamps (in the experiment output files)","","Yes","No","No","No","No","Yes","","I reported the results of some of the tests I performed","Supplementary material","No","No","","Yes","","Human","No","No","No","No","Yes","No","","Yes","Other","Psychology and Psychiatry","Post doc/senior researcher",""
"122","1980-01-01 00:00:00","3","en","2045369647","15","All (100%)","Yes","No","No","No","Yes","","Yes","No","B: Every experiment had its own protocol of tests","","Both","","I did not test event timing","","No","No","Yes","Yes","No","No","","I didn't report the results of any of the tests I performed","","Yes","No","","Yes","","Human","Yes","No","No","No","No","No","","Yes","Psychiatry","","PI/Group leader",""
"123","1980-01-01 00:00:00","3","en","1691275757","5","Some (","Yes","Yes","Yes","Yes","Yes","","Yes","No","B: Every experiment had its own protocol of tests","","By computing the overall duration from the log files","","By computing the duration of events from their logged timestamps (in the experiment output files)","","No","Yes","No","Yes","No","No","","I didn't report the results of any of the tests I performed","","No","No","","No","","Human","Yes","No","No","No","No","No","EMG","Yes","Other","moto control","PI/Group leader",""
"124","","","en","1920751862","","","N/A","N/A","N/A","N/A","N/A","","N/A","N/A","","","","","","","N/A","N/A","N/A","N/A","N/A","N/A","","","","N/A","N/A","","","","","N/A","N/A","N/A","N/A","N/A","N/A","","","","","",""
"125","","","en","268324970","","","N/A","N/A","N/A","N/A","N/A","","N/A","N/A","","","","","","","N/A","N/A","N/A","N/A","N/A","N/A","","","","N/A","N/A","","","","","N/A","N/A","N/A","N/A","N/A","N/A","","","","","",""
"126","1980-01-01 00:00:00","3","en","1848570775","6","All (100%)","Yes","No","Yes","No","Yes","","Yes","No","B: Every experiment had its own protocol of tests","","Other","comparing logged duration to duration recorded by MRI machine","I did not test event timing","","Yes","No","No","Yes","No","No","","I didn't report the results of any of the tests I performed","","No","Yes","","Yes","","Human","No","No","No","No","Yes","No","","Yes","Psychology","","Graduate student/ PhD student",""
"127","1980-01-01 00:00:00","3","en","1000251779","20","Most (>=50%)","Yes","Yes","Yes","Yes","No","","Yes","No","I do a mixture of A and B","","By computing the overall duration from the log files","","Using a measuring device (such as an oscilloscope) to compute the duration of a few events manually","","Yes","No","No","No","No","Yes","","I didn't report the results of any of the tests I performed","","Yes","Yes","","No","","Non-human","No","No","No","No","No","No","single unit activity","Yes","Biology","","Post doc/senior researcher",""
"128","","","en","904276704","","","N/A","N/A","N/A","N/A","N/A","","N/A","N/A","","","","","","","N/A","N/A","N/A","N/A","N/A","N/A","","","","N/A","N/A","","","","","N/A","N/A","N/A","N/A","N/A","N/A","","","","","",""
"129","1980-01-01 00:00:00","3","en","168645270","4","All (100%)","Yes","Yes","Yes","No","Yes","","Yes","No","A: I have a protocol of tests all my experiments go through","","Both","","I did not test event timing","","No","No","Yes","Yes","No","No","","I didn't report the results of any of the tests I performed","","Yes","No","","No","","Human","Yes","No","No","Yes","No","No","","Yes","Psychology","","Graduate student/ PhD student",""
"130","","1","en","645237902","2","All (100%)","No","No","No","No","No","","No","No","","","","","","","No","No","No","No","No","No","","","","No","No","","","","","N/A","N/A","N/A","N/A","N/A","N/A","","","","","",""
"131","1980-01-01 00:00:00","3","en","1201702447","10","All (100%)","Yes","Yes","Yes","Yes","Yes","","Yes","No","B: Every experiment had its own protocol of tests","","By computing the overall duration from the log files","","By computing the duration of events from their logged timestamps (in the experiment output files)","","Yes","No","No","Yes","No","No","","I didn't report the results of any of the tests I performed","","Yes","No","","Yes","","Human","Yes","No","No","No","Yes","No","","No","Psychology","","Post doc/senior researcher",""
"132","1980-01-01 00:00:00","3","en","277461344","7","All (100%)","Yes","Yes","No","Yes","Yes","","Yes","Yes","B: Every experiment had its own protocol of tests","","Using a stopwatch","","By computing the duration of events from their logged timestamps (in the experiment output files)","","Yes","No","No","Yes","No","No","","I didn't report the results of any of the tests I performed","","Yes","No","","No","","Human","Yes","Yes","No","No","No","No","","No","Psychology","","Post doc/senior researcher",""
"133","1980-01-01 00:00:00","3","en","804574965","3","Most (>=50%)","No","No","No","Yes","No","","No","Yes","I do a mixture of A and B","","By computing the overall duration from the log files","","By computing the duration of events from their logged timestamps (in the experiment output files)","","No","Yes","No","No","No","Yes","","I didn't report the results of any of the tests I performed","","No","No","It wasnt efficient ","Yes","","Human","Yes","No","No","No","No","No","","Yes","Psychology","","Graduate student/ PhD student",""
"134","1980-01-01 00:00:00","3","en","1257933538","20","Most (>=50%)","Yes","Yes","Yes","Yes","No","","Yes","No","I do a mixture of A and B","","Using a stopwatch","","Using a recording device (such as a photodiode saving the signal to a file) to compute the duration of all of the events manually","","No","Yes","No","Yes","No","No","","I reported the results of some of the tests I performed","methods","No","No","","No","","Human","Yes","Yes","No","No","No","No","","No","Psychology","","PI/Group leader",""
"135","","","en","895221814","","","N/A","N/A","N/A","N/A","N/A","","N/A","N/A","","","","","","","N/A","N/A","N/A","N/A","N/A","N/A","","","","N/A","N/A","","","","","N/A","N/A","N/A","N/A","N/A","N/A","","","","","",""
"136","1980-01-01 00:00:00","3","en","691919050","4","All (100%)","Yes","Yes","Yes","Yes","No","","Yes","Yes","B: Every experiment had its own protocol of tests","","By computing the overall duration from the log files","","By computing the duration of events from their logged timestamps (in the experiment output files)","","Yes","No","No","No","No","Yes","","I didn't report the results of any of the tests I performed","","Yes","Yes","","No","","Human","Yes","No","No","No","No","No","","Yes","Psychology","","Post doc/senior researcher",""
"137","","","en","283359782","","","N/A","N/A","N/A","N/A","N/A","","N/A","N/A","","","","","","","N/A","N/A","N/A","N/A","N/A","N/A","","","","N/A","N/A","","","","","N/A","N/A","N/A","N/A","N/A","N/A","","","","","",""
"138","","1","en","2145428151","10","All (100%)","N/A","N/A","N/A","N/A","N/A","","N/A","N/A","","","","","","","N/A","N/A","N/A","N/A","N/A","N/A","","","","N/A","N/A","","","","","N/A","N/A","N/A","N/A","N/A","N/A","","","","","",""
"139","1980-01-01 00:00:00","3","en","2018601582","8","All (100%)","Yes","Yes","Yes","Yes","Yes","","Yes","No","B: Every experiment had its own protocol of tests","","By computing the overall duration from the log files","","By computing the duration of events from their logged timestamps (in the experiment output files)","","No","Yes","No","Yes","No","No","","I didn't report the results of any of the tests I performed","","Yes","Yes","","No","","Human","Yes","No","No","No","Yes","No","","No","Psychology","","Post doc/senior researcher",""
"140","1980-01-01 00:00:00","3","en","1019359704","15","All (100%)","Yes","Yes","Yes","Yes","Yes","","Yes","Yes","B: Every experiment had its own protocol of tests","","Both","","By computing the duration of events from their logged timestamps (in the experiment output files)","","Yes","No","No","Yes","No","No","","I didn't report the results of any of the tests I performed","","No","Yes","","No","","Human","Yes","Yes","No","Yes","No","No","","Yes","Psychology","","Graduate student/ PhD student",""
"141","","1","en","939418098","8","All (100%)","N/A","N/A","N/A","N/A","N/A","","N/A","N/A","","","","","","","N/A","N/A","N/A","N/A","N/A","N/A","","","","N/A","N/A","","","","","N/A","N/A","N/A","N/A","N/A","N/A","","","","","",""
"142","","0","en","1552961813","","","N/A","N/A","N/A","N/A","N/A","","N/A","N/A","","","","","","","N/A","N/A","N/A","N/A","N/A","N/A","","","","N/A","N/A","","","","","N/A","N/A","N/A","N/A","N/A","N/A","","","","","",""
"143","","","en","651461323","","","N/A","N/A","N/A","N/A","N/A","","N/A","N/A","","","","","","","N/A","N/A","N/A","N/A","N/A","N/A","","","","N/A","N/A","","","","","N/A","N/A","N/A","N/A","N/A","N/A","","","","","",""
"144","1980-01-01 00:00:00","3","en","350476753","8","All (100%)","Yes","Yes","Yes","Yes","Yes","","Yes","No","I do a mixture of A and B","","By computing the overall duration from the log files","","By computing the duration of events from their logged timestamps (in the experiment output files)","","No","No","Yes","Yes","No","No","","I didn't report the results of any of the tests I performed","","Yes","No","","Yes","","Human","Yes","No","No","No","No","No","","Yes","Other","Vision Science","Graduate student/ PhD student",""
"145","","","en","163396816","","","N/A","N/A","N/A","N/A","N/A","","N/A","N/A","","","","","","","N/A","N/A","N/A","N/A","N/A","N/A","","","","N/A","N/A","","","","","N/A","N/A","N/A","N/A","N/A","N/A","","","","","",""
"146","","","en","1020665859","","","N/A","N/A","N/A","N/A","N/A","","N/A","N/A","","","","","","","N/A","N/A","N/A","N/A","N/A","N/A","","","","N/A","N/A","","","","","N/A","N/A","N/A","N/A","N/A","N/A","","","","","",""
"147","","0","en","334020222","","","N/A","N/A","N/A","N/A","N/A","","N/A","N/A","","","","","","","N/A","N/A","N/A","N/A","N/A","N/A","","","","N/A","N/A","","","","","N/A","N/A","N/A","N/A","N/A","N/A","","","","","",""
"148","","","en","674806896","","","N/A","N/A","N/A","N/A","N/A","","N/A","N/A","","","","","","","N/A","N/A","N/A","N/A","N/A","N/A","","","","N/A","N/A","","","","","N/A","N/A","N/A","N/A","N/A","N/A","","","","","",""
"149","1980-01-01 00:00:00","3","en","1994709883","100","Most (>=50%)","No","No","No","Yes","No","","Yes","Yes","A: I have a protocol of tests all my experiments go through","","By computing the overall duration from the log files","","By computing the duration of events from their logged timestamps (in the experiment output files)","","Yes","Yes","No","No","Yes","No","","I reported in detail the results of all the tests I performed","","No","No","","Yes","","Non-human","Yes","Yes","No","No","No","No","Single-cell activity","Yes","Biology","","Graduate student/ PhD student",""
"150","","0","en","591273970","","","N/A","N/A","N/A","N/A","N/A","","N/A","N/A","","","","","","","N/A","N/A","N/A","N/A","N/A","N/A","","","","N/A","N/A","","","","","N/A","N/A","N/A","N/A","N/A","N/A","","","","","",""
"151","1980-01-01 00:00:00","3","en","1819070352","3","Most (>=50%)","Yes","Yes","Yes","Yes","Yes","","Yes","Yes","I do a mixture of A and B","","By computing the overall duration from the log files","","By computing the duration of events from their logged timestamps (in the experiment output files)","","No","Yes","No","Yes","No","No","","I didn't report the results of any of the tests I performed","","No","Yes","","Yes","","Human","No","No","No","No","Yes","No","","Yes","Psychology","","Post doc/senior researcher",""
"152","1980-01-01 00:00:00","3","en","1948716184","2","All (100%)","Yes","Yes","Yes","Yes","Yes","","Yes","Yes","B: Every experiment had its own protocol of tests","","By computing the overall duration from the log files","","By computing the duration of events from their logged timestamps (in the experiment output files)","","Yes","No","No","Yes","No","No","","I didn't report the results of any of the tests I performed","","Yes","Yes","","No","","Human","Yes","No","No","Yes","No","No","","Yes","Psychology","","Graduate student/ PhD student",""
"153","","","en","1047615530","","","N/A","N/A","N/A","N/A","N/A","","N/A","N/A","","","","","","","N/A","N/A","N/A","N/A","N/A","N/A","","","","N/A","N/A","","","","","N/A","N/A","N/A","N/A","N/A","N/A","","","","","",""
"154","1980-01-01 00:00:00","3","en","1666723950","5","All (100%)","Yes","Yes","Yes","Yes","Yes","Proper timing, ","Yes","No","B: Every experiment had its own protocol of tests","","Other","Start time snd end time reported manually and compared with recordings  with ","Using a recording device (such as a photodiode saving the signal to a file) to compute the duration of all events using a custom script","","No","Yes","No","No","No","No","I only test it once during the development, not each single subject","I didn't report the results of any of the tests I performed","","No","Yes","Also, some of them are trivial (probably?)","Yes","","Human","Yes","No","Yes","Yes","No","No","","Yes","Psychology","","Post doc/senior researcher",""
"155","1980-01-01 00:00:00","3","en","1987005513","2","Most (>=50%)","Yes","Yes","Yes","No","Yes","","Yes","No","I do a mixture of A and B","","Using a stopwatch","","Using a recording device (such as a photodiode saving the signal to a file) to compute the duration of all of the events manually","","Yes","Yes","No","Yes","No","No","","I reported the results of some of the tests I performed","Methods.","No","No","","Yes","","Human","Yes","No","No","Yes","No","No","","Yes","Psychology","","Research assistant",""
"156","","1","en","1358232084","3","All (100%)","N/A","N/A","N/A","N/A","N/A","","N/A","N/A","","","","","","","N/A","N/A","N/A","N/A","N/A","N/A","","","","N/A","N/A","","","","","N/A","N/A","N/A","N/A","N/A","N/A","","","","","",""
"157","1980-01-01 00:00:00","3","en","1179862167","20","All (100%)","Yes","No","Yes","Yes","Yes","","Yes","No","I do a mixture of A and B","","Using a stopwatch","","I did not test event timing","","Yes","Yes","No","Yes","No","No","","I reported the results of some of the tests I performed","Methods, supplememtary","No","No","","Other","Somewhat","Human","Yes","No","No","Yes","No","No","","Yes","Psychology","","Graduate student/ PhD student",""
"158","","","en","986534652","","","N/A","N/A","N/A","N/A","N/A","","N/A","N/A","","","","","","","N/A","N/A","N/A","N/A","N/A","N/A","","","","N/A","N/A","","","","","N/A","N/A","N/A","N/A","N/A","N/A","","","","","",""
"159","","1","en","1021386976","8","All (100%)","N/A","N/A","N/A","N/A","N/A","","N/A","N/A","","","","","","","N/A","N/A","N/A","N/A","N/A","N/A","","","","N/A","N/A","","","","","N/A","N/A","N/A","N/A","N/A","N/A","","","","","",""
"160","1980-01-01 00:00:00","3","en","568889379","3","All (100%)","Yes","Yes","Yes","Yes","Yes","","Yes","Yes","I do a mixture of A and B","","By computing the overall duration from the log files","","By computing the duration of events from their logged timestamps (in the experiment output files)","","Yes","Yes","No","Yes","No","No","","I reported the results of some of the tests I performed","","No","Yes","","No","","Human","Yes","No","No","Yes","No","No","","Yes","Psychology","","Graduate student/ PhD student",""
"161","1980-01-01 00:00:00","3","en","1662055550","5","All (100%)","Yes","No","Yes","Yes","Yes","","Yes","Yes","I do a mixture of A and B","","Both","","By computing the duration of events from their logged timestamps (in the experiment output files)","","Yes","No","No","No","Yes","No","","I didn't report the results of any of the tests I performed","","Yes","No","","No","","Human","No","No","No","Yes","No","No","","No","Psychology","","Graduate student/ PhD student",""
"162","1980-01-01 00:00:00","3","en","1594606999","12","All (100%)","No","No","Yes","Yes","Yes","","Yes","Yes","I do a mixture of A and B","","I did not test the overall duration","","By computing the duration of events from their logged timestamps (in the experiment output files)","","Yes","Yes","No","No","Yes","No","","I didn't report the results of any of the tests I performed","","Yes","Yes","","Yes","","Human","Yes","No","No","Yes","No","No","","Yes","Psychology","","Graduate student/ PhD student",""
"163","","","en","936408103","","","N/A","N/A","N/A","N/A","N/A","","N/A","N/A","","","","","","","N/A","N/A","N/A","N/A","N/A","N/A","","","","N/A","N/A","","","","","N/A","N/A","N/A","N/A","N/A","N/A","","","","","",""
"164","1980-01-01 00:00:00","3","en","728006132","10","All (100%)","Yes","No","No","No","No","","Yes","No","B: Every experiment had its own protocol of tests","","By computing the overall duration from the log files","","By computing the duration of events from their logged timestamps (in the experiment output files)","","No","Yes","No","Yes","No","No","","I didn't report the results of any of the tests I performed","","Yes","No","","Yes","","Human","Yes","No","No","No","No","No","","No","Psychology","","PI/Group leader",""
"165","","","en","2032433933","","","N/A","N/A","N/A","N/A","N/A","","N/A","N/A","","","","","","","N/A","N/A","N/A","N/A","N/A","N/A","","","","N/A","N/A","","","","","N/A","N/A","N/A","N/A","N/A","N/A","","","","","",""
"166","","1","en","1374750289","2","Most (>=50%)","N/A","N/A","N/A","N/A","N/A","","N/A","N/A","","","","","","","N/A","N/A","N/A","N/A","N/A","N/A","","","","N/A","N/A","","","","","N/A","N/A","N/A","N/A","N/A","N/A","","","","","",""
"167","","1","en","956253964","4","Most (>=50%)","N/A","N/A","N/A","N/A","N/A","","N/A","N/A","","","","","","","N/A","N/A","N/A","N/A","N/A","N/A","","","","N/A","N/A","","","","","N/A","N/A","N/A","N/A","N/A","N/A","","","","","",""
"168","1980-01-01 00:00:00","3","en","646952064","15","All (100%)","Yes","No","Yes","Yes","Yes","","Yes","No","B: Every experiment had its own protocol of tests","","By computing the overall duration from the log files","","I did not test event timing","","Yes","Yes","No","Yes","No","No","","I didn't report the results of any of the tests I performed","","Yes","No","","Yes","","Human","Yes","No","No","No","Yes","No","","No","Other","neurology","PI/Group leader",""
"169","","1","en","1237603718","4","All (100%)","N/A","N/A","N/A","N/A","N/A","","N/A","N/A","","","","","","","N/A","N/A","N/A","N/A","N/A","N/A","","","","N/A","N/A","","","","","N/A","N/A","N/A","N/A","N/A","N/A","","","","","",""
"170","1980-01-01 00:00:00","3","en","1563109110","10","All (100%)","Yes","Yes","Yes","Yes","No","","Yes","Yes","B: Every experiment had its own protocol of tests","","By computing the overall duration from the log files","","Using a recording device (such as a photodiode saving the signal to a file) to compute the duration of all events using a custom script","","Yes","Yes","No","No","No","Yes","","I didn't report the results of any of the tests I performed","","Yes","No","There is an implicit assumption that equipment (ie. stimuli) are maintained in properly functioning order when reporting experimental results.","Yes","","Human","Yes","No","No","Yes","No","Yes","","Yes","Psychology","","Other","Research engineering and analytics"
"171","1980-01-01 00:00:00","3","en","1077193708","150","Some (","No","No","No","No","No","pharmaceutical uptake in volume of interest","Yes","Yes","A: I have a protocol of tests all my experiments go through","","By computing the overall duration from the log files","","Using a recording device (such as a photodiode saving the signal to a file) to compute the duration of all events using a custom script","","No","Yes","No","No","No","Yes","","I reported the results of some of the tests I performed","Methods","No","No","","Yes","","Non-human","Yes","No","No","No","No","No","PET","No","Other","Neuroimaging","PI/Group leader",""
"172","1980-01-01 00:00:00","3","en","1174641117","6","Most (>=50%)","Yes","Yes","Yes","Yes","No","","Yes","No","B: Every experiment had its own protocol of tests","","By computing the overall duration from the log files","","By computing the duration of events from their logged timestamps (in the experiment output files)","","No","Yes","No","No","No","Yes","","I didn't report the results of any of the tests I performed","","No","No","restrictions on word count in manuscripts","No","","Human","Yes","No","No","No","Yes","No","","Yes","Other","","PI/Group leader",""
"173","1980-01-01 00:00:00","3","en","785222135","6","All (100%)","Yes","No","Yes","Yes","Yes","","Yes","No","I do a mixture of A and B","","Both","","I did not test event timing","","No","No","Yes","Yes","Yes","No","","I didn't report the results of any of the tests I performed","","Yes","Yes","","No","","Human","Yes","No","No","No","No","No","","Yes","Psychology","","Graduate student/ PhD student",""
"174","","0","en","1397417495","","","N/A","N/A","N/A","N/A","N/A","","N/A","N/A","","","","","","","N/A","N/A","N/A","N/A","N/A","N/A","","","","N/A","N/A","","","","","N/A","N/A","N/A","N/A","N/A","N/A","","","","","",""
"175","1980-01-01 00:00:00","3","en","298986983","3","All (100%)","Yes","No","Yes","Yes","Yes","","Yes","No","B: Every experiment had its own protocol of tests","","Both","","I did not test event timing","","Yes","No","No","Yes","No","No","","I reported the results of some of the tests I performed","methods","No","No","","Yes","","Human","Yes","No","No","Yes","No","No","","No","Psychology","","Post doc/senior researcher",""
"176","1980-01-01 00:00:00","3","en","423247643","2","All (100%)","Yes","Yes","Yes","Yes","Yes","","Yes","No","B: Every experiment had its own protocol of tests","","Both","","By computing the duration of events from their logged timestamps (in the experiment output files)","","Yes","No","No","Yes","No","No","","I didn't report the results of any of the tests I performed","","Yes","No","","Yes","","Human","Yes","No","No","No","No","No","Anatomical MRI (vbm)","No","Psychology","","Post doc/senior researcher",""
"177","","1","en","1848923252","15","All (100%)","N/A","N/A","N/A","N/A","N/A","","N/A","N/A","","","","","","","N/A","N/A","N/A","N/A","N/A","N/A","","","","N/A","N/A","","","","","N/A","N/A","N/A","N/A","N/A","N/A","","","","","",""
"178","","","en","1970910917","","","N/A","N/A","N/A","N/A","N/A","","N/A","N/A","","","","","","","N/A","N/A","N/A","N/A","N/A","N/A","","","","N/A","N/A","","","","","N/A","N/A","N/A","N/A","N/A","N/A","","","","","",""
"179","","1","en","563522835","2","All (100%)","N/A","N/A","N/A","N/A","N/A","","N/A","N/A","","","","","","","N/A","N/A","N/A","N/A","N/A","N/A","","","","N/A","N/A","","","","","N/A","N/A","N/A","N/A","N/A","N/A","","","","","",""
"180","1980-01-01 00:00:00","3","en","1612563568","8","All (100%)","Yes","Yes","Yes","Yes","Yes","","Yes","Yes","I do a mixture of A and B","","By computing the overall duration from the log files","","I did not test event timing","","Yes","Yes","No","Yes","Yes","No","","I didn't report the results of any of the tests I performed","","Yes","No","","Yes","","Human","No","No","No","No","Yes","No","","Yes","Other","Cognitive","Graduate student/ PhD student",""
"181","1980-01-01 00:00:00","3","en","1135223140","2","All (100%)","Yes","No","Yes","Yes","Yes","","Yes","No","B: Every experiment had its own protocol of tests","","Using a stopwatch","","I did not test event timing","","Yes","No","No","Yes","No","No","","I didn't report the results of any of the tests I performed","","Yes","No","","Yes","","Human","Yes","No","No","No","No","No","","No","Psychology","","Post doc/senior researcher",""

